guid,title,matched_by,page_url,thumbnail_url,stream_url,variant_playlists,duration_seconds,duration_hms,views,upload_date,category,tags,series_name,episode,width,height,available_resolutions,in_catalog,thumbnail_http_status,stream_http_status,thumbnail_content_type,stream_content_type
5d20b4a7-b038-49cc-9c34-007117019451,Abdl Sofia 8 diaper pee at her diaper in party in castle full diaper blue indifcatior hypno,title,https://abdlhub.com/?v=5d20b4a7-b038-49cc-9c34-007117019451,https://vz-e81debcf-c73.b-cdn.net/5d20b4a7-b038-49cc-9c34-007117019451/thumbnail.jpg?width=480,https://vz-e81debcf-c73.b-cdn.net/5d20b4a7-b038-49cc-9c34-007117019451/playlist.m3u8,https://vz-e81debcf-c73.b-cdn.net/5d20b4a7-b038-49cc-9c34-007117019451/360p/video.m3u8;https://vz-e81debcf-c73.b-cdn.net/5d20b4a7-b038-49cc-9c34-007117019451/480p/video.m3u8;https://vz-e81debcf-c73.b-cdn.net/5d20b4a7-b038-49cc-9c34-007117019451/720p/video.m3u8;https://vz-e81debcf-c73.b-cdn.net/5d20b4a7-b038-49cc-9c34-007117019451/240p/video.m3u8,91,1:31,3,2026-10-05T06:32:28.392,adult,,,,1920,1080,"360p,480p,720p,240p",True,200,200,image/jpeg,application/vnd.apple.mpegurl
03bfd473-3c67-4bae-aee1-ee7120b6664c,This time diapered princesss Sofia 8 has ballerina dancing(practice)but has potty training,title,https://abdlhub.com/?v=03bfd473-3c67-4bae-aee1-ee7120b6664c,https://vz-e81debcf-c73.b-cdn.net/03bfd473-3c67-4bae-aee1-ee7120b6664c/thumbnail.jpg?width=480,https://vz-e81debcf-c73.b-cdn.net/03bfd473-3c67-4bae-aee1-ee7120b6664c/playlist.m3u8,https://vz-e81debcf-c73.b-cdn.net/03bfd473-3c67-4bae-aee1-ee7120b6664c/360p/video.m3u8;https://vz-e81debcf-c73.b-cdn.net/03bfd473-3c67-4bae-aee1-ee7120b6664c/480p/video.m3u8;https://vz-e81debcf-c73.b-cdn.net/03bfd473-3c67-4bae-aee1-ee7120b6664c/720p/video.m3u8;https://vz-e81debcf-c73.b-cdn.net/03bfd473-3c67-4bae-aee1-ee7120b6664c/240p/video.m3u8,657,10:57,3,2026-09-29T04:20:27.667,adult,,,,1920,1080,"360p,480p,720p,240p",True,200,200,image/jpeg,application/vnd.apple.mpegurl
26cf42e4-3fb8-44da-9822-7758b3a692fc,Final swimsuit girl princess dress Sofia promos pack2 in island and beach diaper mess pink,title,https://abdlhub.com/?v=26cf42e4-3fb8-44da-9822-7758b3a692fc,https://vz-e81debcf-c73.b-cdn.net/26cf42e4-3fb8-44da-9822-7758b3a692fc/thumbnail.jpg?width=480,https://vz-e81debcf-c73.b-cdn.net/26cf42e4-3fb8-44da-9822-7758b3a692fc/playlist.m3u8,https://vz-e81debcf-c73.b-cdn.net/26cf42e4-3fb8-44da-9822-7758b3a692fc/360p/video.m3u8;https://vz-e81debcf-c73.b-cdn.net/26cf42e4-3fb8-44da-9822-7758b3a692fc/480p/video.m3u8;https://vz-e81debcf-c73.b-cdn.net/26cf42e4-3fb8-44da-9822-7758b3a692fc/720p/video.m3u8;https://vz-e81debcf-c73.b-cdn.net/26cf42e4-3fb8-44da-9822-7758b3a692fc/240p/video.m3u8,551,9:11,10,2026-09-25T04:26:14.393,adult,,,,1920,1080,"360p,480p,720p,240p",True,200,200,image/jpeg,application/vnd.apple.mpegurl
50e8212f-eec5-465a-a080-42f4e09fd7f6,Fromprincessabdlsofia8torealqueensofia(completepottytrainingsession)bonuspart2,title,https://abdlhub.com/?v=50e8212f-eec5-465a-a080-42f4e09fd7f6,https://vz-e81debcf-c73.b-cdn.net/50e8212f-eec5-465a-a080-42f4e09fd7f6/thumbnail.jpg?width=480,https://vz-e81debcf-c73.b-cdn.net/50e8212f-eec5-465a-a080-42f4e09fd7f6/playlist.m3u8,https://vz-e81debcf-c73.b-cdn.net/50e8212f-eec5-465a-a080-42f4e09fd7f6/360p/video.m3u8;https://vz-e81debcf-c73.b-cdn.net/50e8212f-eec5-465a-a080-42f4e09fd7f6/480p/video.m3u8;https://vz-e81debcf-c73.b-cdn.net/50e8212f-eec5-465a-a080-42f4e09fd7f6/720p/video.m3u8;https://vz-e81debcf-c73.b-cdn.net/50e8212f-eec5-465a-a080-42f4e09fd7f6/240p/video.m3u8,566,9:26,4,2026-09-16T05:36:38.908,adult,,,,1920,1080,"360p,480p,720p,240p",True,200,200,image/jpeg,application/vnd.apple.mpegurl
ad86a3df-be79-4629-ab1a-5fdd25249377,Full of **it,tag,https://abdlhub.com/?v=ad86a3df-be79-4629-ab1a-5fdd25249377,https://vz-e81debcf-c73.b-cdn.net/ad86a3df-be79-4629-ab1a-5fdd25249377/thumbnail.jpg?width=480,https://vz-e81debcf-c73.b-cdn.net/ad86a3df-be79-4629-ab1a-5fdd25249377/playlist.m3u8,https://vz-e81debcf-c73.b-cdn.net/ad86a3df-be79-4629-ab1a-5fdd25249377/480p/video.m3u8;https://vz-e81debcf-c73.b-cdn.net/ad86a3df-be79-4629-ab1a-5fdd25249377/720p/video.m3u8;https://vz-e81debcf-c73.b-cdn.net/ad86a3df-be79-4629-ab1a-5fdd25249377/240p/video.m3u8;https://vz-e81debcf-c73.b-cdn.net/ad86a3df-be79-4629-ab1a-5fdd25249377/360p/video.m3u8,6,0:06,12,2026-08-24T09:13:29.979,adult,Sophie Little,,,1920,1080,"480p,720p,240p,360p",True,200,200,image/jpeg,application/vnd.apple.mpegurl
02f46a22-2881-4dfa-a888-7f0dfbf3aefb,Free promo secret(hidden camera of)princess Sofia8 rearz princess V2 POTTY WHILE WATCHING CARTOON,tag+title,https://abdlhub.com/?v=02f46a22-2881-4dfa-a888-7f0dfbf3aefb,https://vz-e81debcf-c73.b-cdn.net/02f46a22-2881-4dfa-a888-7f0dfbf3aefb/thumbnail.jpg?width=480,https://vz-e81debcf-c73.b-cdn.net/02f46a22-2881-4dfa-a888-7f0dfbf3aefb/playlist.m3u8,https://vz-e81debcf-c73.b-cdn.net/02f46a22-2881-4dfa-a888-7f0dfbf3aefb/360p/video.m3u8;https://vz-e81debcf-c73.b-cdn.net/02f46a22-2881-4dfa-a888-7f0dfbf3aefb/480p/video.m3u8;https://vz-e81debcf-c73.b-cdn.net/02f46a22-2881-4dfa-a888-7f0dfbf3aefb/720p/video.m3u8;https://vz-e81debcf-c73.b-cdn.net/02f46a22-2881-4dfa-a888-7f0dfbf3aefb/240p/video.m3u8,556,9:16,15,2026-08-24T05:25:36.146,adult,Sophie Little,,,1920,1080,"360p,480p,720p,240p",True,200,200,image/jpeg,application/vnd.apple.mpegurl
f64107b2-9919-4c19-99ce-115eaf90432a,Abdlsofia old videos of destory Huggies pullups sofia the first 4+5+ full mess diaper change part2,title,https://abdlhub.com/?v=f64107b2-9919-4c19-99ce-115eaf90432a,https://vz-e81debcf-c73.b-cdn.net/f64107b2-9919-4c19-99ce-115eaf90432a/thumbnail.jpg?width=480,https://vz-e81debcf-c73.b-cdn.net/f64107b2-9919-4c19-99ce-115eaf90432a/playlist.m3u8,https://vz-e81debcf-c73.b-cdn.net/f64107b2-9919-4c19-99ce-115eaf90432a/360p/video.m3u8;https://vz-e81debcf-c73.b-cdn.net/f64107b2-9919-4c19-99ce-115eaf90432a/480p/video.m3u8;https://vz-e81debcf-c73.b-cdn.net/f64107b2-9919-4c19-99ce-115eaf90432a/720p/video.m3u8;https://vz-e81debcf-c73.b-cdn.net/f64107b2-9919-4c19-99ce-115eaf90432a/240p/video.m3u8;https://vz-e81debcf-c73.b-cdn.net/f64107b2-9919-4c19-99ce-115eaf90432a/1080p/video.m3u8,236,3:56,710,2026-08-03T06:11:41.091,adult,,,,1920,1080,"360p,480p,720p,240p,1080p",True,200,200,image/jpeg,application/vnd.apple.mpegurl
c1904e3e-e123-4ddb-8830-b53a7c55a31e,Abdlsofia old videos destory Huggies pullups sofia the first part1,title,https://abdlhub.com/?v=c1904e3e-e123-4ddb-8830-b53a7c55a31e,https://vz-e81debcf-c73.b-cdn.net/c1904e3e-e123-4ddb-8830-b53a7c55a31e/thumbnail.jpg?width=480,https://vz-e81debcf-c73.b-cdn.net/c1904e3e-e123-4ddb-8830-b53a7c55a31e/playlist.m3u8,https://vz-e81debcf-c73.b-cdn.net/c1904e3e-e123-4ddb-8830-b53a7c55a31e/360p/video.m3u8;https://vz-e81debcf-c73.b-cdn.net/c1904e3e-e123-4ddb-8830-b53a7c55a31e/480p/video.m3u8;https://vz-e81debcf-c73.b-cdn.net/c1904e3e-e123-4ddb-8830-b53a7c55a31e/720p/video.m3u8;https://vz-e81debcf-c73.b-cdn.net/c1904e3e-e123-4ddb-8830-b53a7c55a31e/240p/video.m3u8;https://vz-e81debcf-c73.b-cdn.net/c1904e3e-e123-4ddb-8830-b53a7c55a31e/1080p/video.m3u8,39,0:39,211,2026-08-03T06:06:40.506,adult,,,,1920,1080,"360p,480p,720p,240p,1080p",True,200,200,image/jpeg,application/vnd.apple.mpegurl
cbc1420c-cd65-4f92-b06c-73092650ab13,Abel Sofia diaper change in changing room part2,title,https://abdlhub.com/?v=cbc1420c-cd65-4f92-b06c-73092650ab13,https://vz-e81debcf-c73.b-cdn.net/cbc1420c-cd65-4f92-b06c-73092650ab13/thumbnail_86bbfd03.jpg?width=480,https://vz-e81debcf-c73.b-cdn.net/cbc1420c-cd65-4f92-b06c-73092650ab13/playlist.m3u8,https://vz-e81debcf-c73.b-cdn.net/cbc1420c-cd65-4f92-b06c-73092650ab13/360p/video.m3u8;https://vz-e81debcf-c73.b-cdn.net/cbc1420c-cd65-4f92-b06c-73092650ab13/480p/video.m3u8;https://vz-e81debcf-c73.b-cdn.net/cbc1420c-cd65-4f92-b06c-73092650ab13/720p/video.m3u8;https://vz-e81debcf-c73.b-cdn.net/cbc1420c-cd65-4f92-b06c-73092650ab13/240p/video.m3u8;https://vz-e81debcf-c73.b-cdn.net/cbc1420c-cd65-4f92-b06c-73092650ab13/1080p/video.m3u8,374,6:14,633,2026-07-28T05:05:32.387,adult,,,,1920,1080,"360p,480p,720p,240p,1080p",True,200,200,image/jpeg,application/vnd.apple.mpegurl
710142df-923e-4ad3-80d0-c7a87391fc3e,Welcome to my Abel fantasy princess Sofia 8 room(diaper mess favorite panties Sofia the first part1),title,https://abdlhub.com/?v=710142df-923e-4ad3-80d0-c7a87391fc3e,https://vz-e81debcf-c73.b-cdn.net/710142df-923e-4ad3-80d0-c7a87391fc3e/thumbnail_63f1b03f.jpg?width=480,https://vz-e81debcf-c73.b-cdn.net/710142df-923e-4ad3-80d0-c7a87391fc3e/playlist.m3u8,https://vz-e81debcf-c73.b-cdn.net/710142df-923e-4ad3-80d0-c7a87391fc3e/360p/video.m3u8;https://vz-e81debcf-c73.b-cdn.net/710142df-923e-4ad3-80d0-c7a87391fc3e/480p/video.m3u8;https://vz-e81debcf-c73.b-cdn.net/710142df-923e-4ad3-80d0-c7a87391fc3e/720p/video.m3u8;https://vz-e81debcf-c73.b-cdn.net/710142df-923e-4ad3-80d0-c7a87391fc3e/240p/video.m3u8;https://vz-e81debcf-c73.b-cdn.net/710142df-923e-4ad3-80d0-c7a87391fc3e/1080p/video.m3u8,531,8:51,502,2026-07-28T04:58:49.937,adult,,,,1920,1080,"360p,480p,720p,240p,1080p",True,200,200,image/jpeg,application/vnd.apple.mpegurl
39b63ca2-4e5a-406c-94bd-3fb72d55a879,Sorry for second ones 2015 Abdl Sofia the first messy potty diaper pink part2,title,https://abdlhub.com/?v=39b63ca2-4e5a-406c-94bd-3fb72d55a879,https://vz-e81debcf-c73.b-cdn.net/39b63ca2-4e5a-406c-94bd-3fb72d55a879/thumbnail_9fc172c4.jpg?width=480,https://vz-e81debcf-c73.b-cdn.net/39b63ca2-4e5a-406c-94bd-3fb72d55a879/playlist.m3u8,https://vz-e81debcf-c73.b-cdn.net/39b63ca2-4e5a-406c-94bd-3fb72d55a879/360p/video.m3u8;https://vz-e81debcf-c73.b-cdn.net/39b63ca2-4e5a-406c-94bd-3fb72d55a879/480p/video.m3u8;https://vz-e81debcf-c73.b-cdn.net/39b63ca2-4e5a-406c-94bd-3fb72d55a879/720p/video.m3u8;https://vz-e81debcf-c73.b-cdn.net/39b63ca2-4e5a-406c-94bd-3fb72d55a879/240p/video.m3u8;https://vz-e81debcf-c73.b-cdn.net/39b63ca2-4e5a-406c-94bd-3fb72d55a879/1080p/video.m3u8,1039,17:19,136,2026-07-20T05:13:33.608,adult,,,,1920,1080,"360p,480p,720p,240p,1080p",True,200,200,image/jpeg,application/vnd.apple.mpegurl
4478076e-76ec-42d9-886b-a61ba179235a,Old video of 2015 ultra messy Sofia the first 8diaperpink part1,title,https://abdlhub.com/?v=4478076e-76ec-42d9-886b-a61ba179235a,https://vz-e81debcf-c73.b-cdn.net/4478076e-76ec-42d9-886b-a61ba179235a/thumbnail_75383523.jpg?width=480,https://vz-e81debcf-c73.b-cdn.net/4478076e-76ec-42d9-886b-a61ba179235a/playlist.m3u8,https://vz-e81debcf-c73.b-cdn.net/4478076e-76ec-42d9-886b-a61ba179235a/360p/video.m3u8;https://vz-e81debcf-c73.b-cdn.net/4478076e-76ec-42d9-886b-a61ba179235a/480p/video.m3u8;https://vz-e81debcf-c73.b-cdn.net/4478076e-76ec-42d9-886b-a61ba179235a/720p/video.m3u8;https://vz-e81debcf-c73.b-cdn.net/4478076e-76ec-42d9-886b-a61ba179235a/240p/video.m3u8;https://vz-e81debcf-c73.b-cdn.net/4478076e-76ec-42d9-886b-a61ba179235a/1080p/video.m3u8,341,5:41,61,2026-07-20T05:05:18.302,adult,,,,1920,1088,"360p,480p,720p,240p,1080p",True,200,200,image/jpeg,application/vnd.apple.mpegurl
9627aedf-d3d6-4a5a-8141-6467c764a33a,Conclusion ending mess of Sofia as owned family royal a abdl baby princess diaper squish hump mess,title,https://abdlhub.com/?v=9627aedf-d3d6-4a5a-8141-6467c764a33a,https://vz-e81debcf-c73.b-cdn.net/9627aedf-d3d6-4a5a-8141-6467c764a33a/thumbnail_4bfb5843.jpg?width=480,https://vz-e81debcf-c73.b-cdn.net/9627aedf-d3d6-4a5a-8141-6467c764a33a/playlist.m3u8,https://vz-e81debcf-c73.b-cdn.net/9627aedf-d3d6-4a5a-8141-6467c764a33a/360p/video.m3u8;https://vz-e81debcf-c73.b-cdn.net/9627aedf-d3d6-4a5a-8141-6467c764a33a/480p/video.m3u8;https://vz-e81debcf-c73.b-cdn.net/9627aedf-d3d6-4a5a-8141-6467c764a33a/720p/video.m3u8;https://vz-e81debcf-c73.b-cdn.net/9627aedf-d3d6-4a5a-8141-6467c764a33a/240p/video.m3u8;https://vz-e81debcf-c73.b-cdn.net/9627aedf-d3d6-4a5a-8141-6467c764a33a/1080p/video.m3u8,699,11:39,129,2026-07-15T04:40:06.013,adult,,,,1920,1080,"360p,480p,720p,240p,1080p",True,200,200,image/jpeg,application/vnd.apple.mpegurl
8f71399f-5565-497a-944f-466ad42b0271,Final ballerina dance ballerina Abdl Sofia the first 8 diaper pink mess Part2,title,https://abdlhub.com/?v=8f71399f-5565-497a-944f-466ad42b0271,https://vz-e81debcf-c73.b-cdn.net/8f71399f-5565-497a-944f-466ad42b0271/thumbnail_b074204b.jpg?width=480,https://vz-e81debcf-c73.b-cdn.net/8f71399f-5565-497a-944f-466ad42b0271/playlist.m3u8,https://vz-e81debcf-c73.b-cdn.net/8f71399f-5565-497a-944f-466ad42b0271/360p/video.m3u8;https://vz-e81debcf-c73.b-cdn.net/8f71399f-5565-497a-944f-466ad42b0271/480p/video.m3u8;https://vz-e81debcf-c73.b-cdn.net/8f71399f-5565-497a-944f-466ad42b0271/720p/video.m3u8;https://vz-e81debcf-c73.b-cdn.net/8f71399f-5565-497a-944f-466ad42b0271/240p/video.m3u8;https://vz-e81debcf-c73.b-cdn.net/8f71399f-5565-497a-944f-466ad42b0271/1080p/video.m3u8,850,14:10,97,2026-07-15T04:20:05.149,adult,,,,1920,1080,"360p,480p,720p,240p,1080p",True,200,200,image/jpeg,application/vnd.apple.mpegurl
