evidence,row_count,sha256,fetched_at,note
bunny_catalog,3215,4d8db8685fdb5282c8ed9e5471d1593174efb507b19cc71963975b7415a4e090,2026-10-09T04:22:50.635937+00:00,Bunny Stream library 621930 catalog
comments,93,8a5dc221e02283c5ffe3590759702eb825e9a28c5d4b05db9fbb2ed270e91405,2026-10-09T04:22:53.913119+00:00,
favorites,0,a3f4e1d4fdaadae9ac8c01b44b6539302501d5b63b1fc448984e615900ffb836,2026-10-09T04:22:55.690165+00:00,RLS-protected: no rows visible to the anon key
model_requests,0,09c733bba8252d1ac7d8b14914b4ce4327dd3443fd376b5477b61abf4f4d4af6,2026-10-09T04:22:58.574679+00:00,RLS-protected: no rows visible to the anon key
poll_votes,35,a94d0b75a8951f71d2501a29e6e0f28563ad9232850a8c3c36f40706254b0848,2026-10-09T04:22:54.727930+00:00,
site_config,3,422dbee7433c564b03d42145f2c7ef0d543c9c4823e30eced855ff8cb6632f90,2026-10-09T04:22:52.304384+00:00,settings value sanitized (inline base64 model images replaced by sha256)
title_suggestions,0,922d06dadbec1299d89e97e12b2b8b6a3677630500db7f08c7a1957a5f186d9d,2026-10-09T04:22:59.486159+00:00,RLS-protected: no rows visible to the anon key
user_profiles,364,096d5bc3c6810e094d1db82c0c733c1e8148919f49feaed7f44a4eadd0b0a720,2026-10-09T04:22:52.423652+00:00,
video_meta,2988,64a75b8187b6e3d7244a2c611a4469462d281602a36071e66d764d10711e3603,2026-10-09T04:22:45.300674+00:00,Supabase video_meta full table
video_reports,0,164838bf9b29a2844701667bd91dd3dbecb5b27c5d3a150715182ea84f361dbf,2026-10-09T04:22:57.747149+00:00,RLS-protected: no rows visible to the anon key
video_submissions,83,0008bf8505038d050dd905f36fc7fec188a696fce6c326c3ae59defe712a649c,2026-10-09T04:22:53.066477+00:00,
watch_history,0,9226ab8bc85ad78867993dc393c112629a668b38a7b5ba38d1af922935a1a8be,2026-10-09T04:22:56.690235+00:00,RLS-protected: no rows visible to the anon key
