submission_id,title,guid,page_url,thumbnail_url,stream_url,submitted_at,file_size_bytes,uploader_user_id,live
9,Final ballerina dance ballerina Abdl Sofia the first 8 diaper pink mess Part2,8f71399f-5565-497a-944f-466ad42b0271,https://abdlhub.com/?v=8f71399f-5565-497a-944f-466ad42b0271,https://vz-e81debcf-c73.b-cdn.net/8f71399f-5565-497a-944f-466ad42b0271/thumbnail_b074204b.jpg?width=480,https://vz-e81debcf-c73.b-cdn.net/8f71399f-5565-497a-944f-466ad42b0271/playlist.m3u8,2026-07-15T04:25:06.852+00:00,,a89bb9dc-d09f-4475-b9ed-ae398edf928b,True
10,Conclusion ending mess of Sofia as owned family royal a abdl baby princess diaper squish hump mess,9627aedf-d3d6-4a5a-8141-6467c764a33a,https://abdlhub.com/?v=9627aedf-d3d6-4a5a-8141-6467c764a33a,https://vz-e81debcf-c73.b-cdn.net/9627aedf-d3d6-4a5a-8141-6467c764a33a/thumbnail_4bfb5843.jpg?width=480,https://vz-e81debcf-c73.b-cdn.net/9627aedf-d3d6-4a5a-8141-6467c764a33a/playlist.m3u8,2026-07-15T04:44:18.054+00:00,,a89bb9dc-d09f-4475-b9ed-ae398edf928b,True
33,Old video of 2015 ultra messy Sofia the first 8diaperpink part1,4478076e-76ec-42d9-886b-a61ba179235a,https://abdlhub.com/?v=4478076e-76ec-42d9-886b-a61ba179235a,https://vz-e81debcf-c73.b-cdn.net/4478076e-76ec-42d9-886b-a61ba179235a/thumbnail_75383523.jpg?width=480,https://vz-e81debcf-c73.b-cdn.net/4478076e-76ec-42d9-886b-a61ba179235a/playlist.m3u8,2026-07-20T05:06:06.019+00:00,,a89bb9dc-d09f-4475-b9ed-ae398edf928b,True
34,Sorry for second ones 2015 Abdl Sofia the first messy potty diaper pink part2,39b63ca2-4e5a-406c-94bd-3fb72d55a879,https://abdlhub.com/?v=39b63ca2-4e5a-406c-94bd-3fb72d55a879,https://vz-e81debcf-c73.b-cdn.net/39b63ca2-4e5a-406c-94bd-3fb72d55a879/thumbnail_9fc172c4.jpg?width=480,https://vz-e81debcf-c73.b-cdn.net/39b63ca2-4e5a-406c-94bd-3fb72d55a879/playlist.m3u8,2026-07-20T05:15:13.351+00:00,,a89bb9dc-d09f-4475-b9ed-ae398edf928b,True
70,Welcome to my Abel fantasy princess Sofia 8 room(diaper mess favorite panties Sofia the first part1),710142df-923e-4ad3-80d0-c7a87391fc3e,https://abdlhub.com/?v=710142df-923e-4ad3-80d0-c7a87391fc3e,https://vz-e81debcf-c73.b-cdn.net/710142df-923e-4ad3-80d0-c7a87391fc3e/thumbnail_63f1b03f.jpg?width=480,https://vz-e81debcf-c73.b-cdn.net/710142df-923e-4ad3-80d0-c7a87391fc3e/playlist.m3u8,2026-07-28T05:00:10.115+00:00,1343474743,a89bb9dc-d09f-4475-b9ed-ae398edf928b,True
71,Abel Sofia diaper change in changing room part2,cbc1420c-cd65-4f92-b06c-73092650ab13,https://abdlhub.com/?v=cbc1420c-cd65-4f92-b06c-73092650ab13,https://vz-e81debcf-c73.b-cdn.net/cbc1420c-cd65-4f92-b06c-73092650ab13/thumbnail_86bbfd03.jpg?width=480,https://vz-e81debcf-c73.b-cdn.net/cbc1420c-cd65-4f92-b06c-73092650ab13/playlist.m3u8,2026-07-28T05:06:32.821+00:00,945168761,a89bb9dc-d09f-4475-b9ed-ae398edf928b,True
72,Abdlsofia old videos destory Huggies pullups sofia the first part1,c1904e3e-e123-4ddb-8830-b53a7c55a31e,https://abdlhub.com/?v=c1904e3e-e123-4ddb-8830-b53a7c55a31e,https://vz-e81debcf-c73.b-cdn.net/c1904e3e-e123-4ddb-8830-b53a7c55a31e/thumbnail.jpg?width=480,https://vz-e81debcf-c73.b-cdn.net/c1904e3e-e123-4ddb-8830-b53a7c55a31e/playlist.m3u8,2026-08-03T06:06:49.87+00:00,79043763,a89bb9dc-d09f-4475-b9ed-ae398edf928b,True
73,Abdlsofia old videos of destory Huggies pullups sofia the first 4+5+ full mess diaper change part2,f64107b2-9919-4c19-99ce-115eaf90432a,https://abdlhub.com/?v=f64107b2-9919-4c19-99ce-115eaf90432a,https://vz-e81debcf-c73.b-cdn.net/f64107b2-9919-4c19-99ce-115eaf90432a/thumbnail.jpg?width=480,https://vz-e81debcf-c73.b-cdn.net/f64107b2-9919-4c19-99ce-115eaf90432a/playlist.m3u8,2026-08-03T06:12:16.356+00:00,472250821,a89bb9dc-d09f-4475-b9ed-ae398edf928b,True
80,Free promo secret(hidden camera of)princess Sofia8 rearz princess V2 POTTY WHILE WATCHING CARTOON,02f46a22-2881-4dfa-a888-7f0dfbf3aefb,https://abdlhub.com/?v=02f46a22-2881-4dfa-a888-7f0dfbf3aefb,https://vz-e81debcf-c73.b-cdn.net/02f46a22-2881-4dfa-a888-7f0dfbf3aefb/thumbnail.jpg?width=480,https://vz-e81debcf-c73.b-cdn.net/02f46a22-2881-4dfa-a888-7f0dfbf3aefb/playlist.m3u8,2026-08-24T05:27:26.442+00:00,1404796613,a89bb9dc-d09f-4475-b9ed-ae398edf928b,True
86,Fromprincessabdlsofia8torealqueensofia(completepottytrainingsession)bonuspart2,50e8212f-eec5-465a-a080-42f4e09fd7f6,https://abdlhub.com/?v=50e8212f-eec5-465a-a080-42f4e09fd7f6,https://vz-e81debcf-c73.b-cdn.net/50e8212f-eec5-465a-a080-42f4e09fd7f6/thumbnail.jpg?width=480,https://vz-e81debcf-c73.b-cdn.net/50e8212f-eec5-465a-a080-42f4e09fd7f6/playlist.m3u8,2026-09-16T05:39:31.099+00:00,1430901714,a89bb9dc-d09f-4475-b9ed-ae398edf928b,True
87,Final swimsuit girl princess dress Sofia promos pack2 in island and beach diaper mess pink,26cf42e4-3fb8-44da-9822-7758b3a692fc,https://abdlhub.com/?v=26cf42e4-3fb8-44da-9822-7758b3a692fc,https://vz-e81debcf-c73.b-cdn.net/26cf42e4-3fb8-44da-9822-7758b3a692fc/thumbnail.jpg?width=480,https://vz-e81debcf-c73.b-cdn.net/26cf42e4-3fb8-44da-9822-7758b3a692fc/playlist.m3u8,2026-09-25T04:29:39.242+00:00,1392753733,a89bb9dc-d09f-4475-b9ed-ae398edf928b,True
88,This time diapered princesss Sofia 8 has ballerina dancing(practice)but has potty training,03bfd473-3c67-4bae-aee1-ee7120b6664c,https://abdlhub.com/?v=03bfd473-3c67-4bae-aee1-ee7120b6664c,https://vz-e81debcf-c73.b-cdn.net/03bfd473-3c67-4bae-aee1-ee7120b6664c/thumbnail.jpg?width=480,https://vz-e81debcf-c73.b-cdn.net/03bfd473-3c67-4bae-aee1-ee7120b6664c/playlist.m3u8,2026-09-29T04:25:54.729+00:00,1661093606,a89bb9dc-d09f-4475-b9ed-ae398edf928b,True
