"ABDL Hub Title ",JFF Video ID,Fingerprinted?,Site screenshot,Line #
"VLOG Padded yoga where I had a lil accident, then changing into a diaper, going for a walk and flooding my diaper at my doctors office 🤭 m.mp4",67ca7831dbb928eaec22eea4,No,(VLOG_Padded_yoga_where_I_had_a_lil_accident_then_changing_into_a_diaper_going_for_a_walk_and_flooding_my_diaper_at_my_doctors_office__m.mp4).png,76
Double boosted diaper update 🤭🤭 it’s so big and squishy and not even full yet!! Im playing my switch so … we will see how soggy this gets.mp4,6791d8ee4f57e2ef269b9e05,No,(Double_boosted_diaper_update__its_so_big_and_squishy_and_not_even_full_yet!!_Im_playing_my_switch_so__we_will_see_how_soggy_this_gets.mp4).png,75
VLOG Changing my VERY soggy diaper at @liddlestflora’s … 😆🙈 I seriously was so close to leaking when I was in Starbucks LOL.mp4,6795aa0d4f57e2ef265d9ba8,No,(VLOG_Changing_my_VERY_soggy_diaper_at_liddlestfloras___I_seriously_was_so_close_to_leaking_when_I_was_in_Starbucks_LOL.mp4).png,74
VLOG Getting ready to go to @liddlestflora’s! #diaperchange #Tininals #NRU.mp4,679560284f57e2ef2626e1fd,No,(VLOG_Getting_ready_to_go_to_liddlestfloras!_diaperchange_Tininals_NRU.mp4).png,72
Love you guys! Thank you for coming and making the stream so silly and fun I love getting to laugh and be kinky and weird with you all 💙.mp4,678b1cb24f57e2ef2601c6fa,No,(Love_you_guys!_Thank_you_for_coming_and_making_the_stream_so_silly_and_fun_I_love_getting_to_laugh_and_be_kinky_and_weird_with_you_all_.mp4).png,71
We’re live on @liddlestflora’s page 💦💦.mp4,678308594f57e2ef26763414,No,(Were_live_on_liddlestfloras_page_.mp4).png,70
LIVE STREAM HIGHLIGHTS ✨ February 1st! #spanking #diaperchange #pee #omarashi #paci #nippleclamps.mp4,67a55025dbb928eaecf3b3be,No,(LIVE_STREAM_HIGHLIGHTS__February_1st!_spanking_diaperchange_pee_omarashi_paci_nippleclamps.mp4).png,69
Happy baby bean 🍼.mp4,678726584f57e2ef262c3948,No,(Happy_baby_bean_.mp4).png,68
POV(JOI) Your girlfriend has found out you wear diapers and surprises you by showing you she got some to wear with you. She encourages you.mp4,67941ede4f57e2ef26dbc359,No,(POV(JOI)_Your_girlfriend_has_found_out_you_wear_diapers_and_surprises_you_by_showing_you_she_got_some_to_wear_with_you._She_encourages_you.mp4).png,67
This video will be released for subscribers only for 1 day and then will be available in my store 🖤 POV Sorceress Regression ✨🔮 You have.mp4,6786d8054f57e2ef26b1a165,No,(This_video_will_be_released_for_subscribers_only_for_1_day_and_then_will_be_available_in_my_store__POV_Sorceress_Regression__You_have.mp4).png,66
January 4th Live Stream Customs Winners!!! Congratulations you guys.mp4,677d62714f57e2ef26100f25,No,(January_4th_Live_Stream_Customs_Winners!!!_Congratulations_you_guys.mp4).png,65
Congratulations to all the winners from the stream with me and @liddlestflora! 🥳🥳🩷🩷.mp4,67842f1e4f57e2ef267628f4,No,(Congratulations_to_all_the_winners_from_the_stream_with_me_and_liddlestflora!_.mp4).png,64
VLOG I stayed up just to fully fill this diaper and then I didn’t even want to take it off 🙈🙈 it’s HUGE!.mp4,6792025c4f57e2ef26523252,No,(VLOG_I_stayed_up_just_to_fully_fill_this_diaper_and_then_I_didnt_even_want_to_take_it_off__its_HUGE!.mp4).png,63
Wanna squish my diaper 🤭🤭 #diaper #pee #wetdiaper #bedwetter #diapercheck.mp4,6772c3874f57e2ef2681d109,No,(Wanna_squish_my_diaper__diaper_pee_wetdiaper_bedwetter_diapercheck.mp4).png,62
See you cuties soon! The stream starts in 45 minutes 😘😘.mp4,677086bf4f57e2ef26bff768,No,(See_you_cuties_soon!_The_stream_starts_in_45_minutes_.mp4).png,61
Gotta stay protected on walks 🤭 🌲 #diaper #public #diaperbulge #wetdiaper #diapergirl #diaperfetish.mp4,6772c9ad4f57e2ef26d2002f,No,(Gotta_stay_protected_on_walks___diaper_public_diaperbulge_wetdiaper_diapergirl_diaperfetish.mp4).png,60
I just can’t seem to get used to panties… I desperately had to pee and soaked my jeans 😭 so embarrassing standing in another puddle of my o.mp4,6789ac7f4f57e2ef26dee3d3,No,(I_just_cant_seem_to_get_used_to_panties_I_desperately_had_to_pee_and_soaked_my_jeans__so_embarrassing_standing_in_another_puddle_of_my_o.mp4).png,59
POV My professor knows best 📚 Sophie has been getting behind in her classes. She just can’t seem to keep up. Her professor invites her to.mp4,675cace74f57e2ef26a63258,No,(POV_My_professor_knows_best__Sophie_has_been_getting_behind_in_her_classes._She_just_cant_seem_to_keep_up._Her_professor_invites_her_to.mp4).png,58
See you cuties so soon!! 🦁.mp4,675e1b8d4f57e2ef26e660d1,No,(See_you_cuties_so_soon!!_.mp4).png,57
I’m running a few minutes behind! See you cuties soon 🍼.mp4,673fab4b4f57e2ef26e29a4f,No,(Im_running_a_few_minutes_behind!_See_you_cuties_soon_.mp4).png,56
My 1 year anniversary cake smash stream highlights are now available in my store! Cum check out all the naughty shennanigans I got up to tha.mp4,6753c5684f57e2ef26a816f1,No,(My_1_year_anniversary_cake_smash_stream_highlights_are_now_available_in_my_store!_Cum_check_out_all_the_naughty_shennanigans_I_got_up_to_tha.mp4).png,54
POV You’re babysitting me ☺️ #ABDL #babyspace.mp4,66637c860e10234f0e4fdcd8,No,(POV_Youre_babysitting_me__ABDL_babyspace.mp4).png,53
Thought it was time to switch things up 🤭 what do you guys think.mp4,67479d614f57e2ef262c8e03,No,(Thought_it_was_time_to_switch_things_up__what_do_you_guys_think.mp4).png,52
Latex is hot 🥵.mp4,67450bb24f57e2ef264f276c,No,(Latex_is_hot_.mp4).png,51
(Gender Neutral POV) Your big sis found out that you've been giving yourself special playtime treats without her permission. You're only sup.mp4,6789a3e64f57e2ef267de1c9,No,((Gender_Neutral_POV)_Your_big_sis_found_out_that_youve_been_giving_yourself_special_playtime_treats_without_her_permission._Youre_only_sup.mp4).png,49
VLOG I leaked all over my pants 😅💦 I thought I had room for another pee in this diaper and I was very wrong. Oopsie 🤭🤭 #pee #diaperleak.mp4,677b2cde4f57e2ef266ee4e8,No,(VLOG_I_leaked_all_over_my_pants__I_thought_I_had_room_for_another_pee_in_this_diaper_and_I_was_very_wrong._Oopsie__pee_diaperleak.mp4).png,47
Are you ready for part 2 of Diaper Besties Brutally Blackmailed & Humiliated How far will we go to keep our embarassing secret It will be.mp4,Couldnt find it,No,(Are_you_ready_for_part_2_of_Diaper_Besties_Brutally_Blackmailed__Humiliated_How_far_will_we_go_to_keep_our_embarassing_secret_It_will_be.mp4).png,46
Cali Vlog Part 1!! So happy to finally have this re uploaded thank you all for your patience re-editing 5 days of footage is very involved s.mp4,6799555e4f57e2ef26768712,No,(Cali_Vlog_Part_1!!_So_happy_to_finally_have_this_re_uploaded_thank_you_all_for_your_patience_re-editing_5_days_of_footage_is_very_involved_s.mp4).png,45
Peeing in my potty like a good girl!.mp4,674258604f57e2ef266b3f27,No,(Peeing_in_my_potty_like_a_good_girl!.mp4).png,44
VLOG Changing out of my soggy night time diaper into a fresh one before going on a diapered stroll 💦 #abdl #vlog #diapergirl #soggydiaper.mp4,677ac7194f57e2ef2649f97f,No,(VLOG_Changing_out_of_my_soggy_night_time_diaper_into_a_fresh_one_before_going_on_a_diapered_stroll__abdl_vlog_diapergirl_soggydiaper.mp4).png,43
VLOG Just got home from my hair appt! Putting on a diaper with a booster pad and I pre soaked this diaper so much 🤭🤭 I’m gonna do two boo.mp4,67917dc34f57e2ef26947627,No,(VLOG_Just_got_home_from_my_hair_appt!_Putting_on_a_diaper_with_a_booster_pad_and_I_pre_soaked_this_diaper_so_much__Im_gonna_do_two_boo.mp4).png,42
VLOG Getting ready for bed out of my very soggy bambino and into my fresh night time diaper! I wonder how soggy I’ll make this tonight 🤭💦.mp4,677f51494f57e2ef26070450,No,(VLOG_Getting_ready_for_bed_out_of_my_very_soggy_bambino_and_into_my_fresh_night_time_diaper!_I_wonder_how_soggy_Ill_make_this_tonight_.mp4).png,41
"Custom photos, videos & 11 video call winners announcement!! Congrats everyone.mp4",677386b34f57e2ef2665cc07,No,(Custom_photos_videos__11_video_call_winners_announcement!!_Congrats_everyone.mp4).png,40
"Just got home from the gym, time to get out of my pull up and into a diaper 🤭.mp4",670d5bd295c787876f59f438,No,(Just_got_home_from_the_gym_time_to_get_out_of_my_pull_up_and_into_a_diaper_.mp4).png,39
I wonder if I’ll keep my pull up dry this time at the gym … 🤭.mp4,670e8b7895c787876fbf667a,No,(I_wonder_if_Ill_keep_my_pull_up_dry_this_time_at_the_gym__.mp4).png,38
Coming tomorrow for a limited time is Part One of our Diaper Besties Brutally Blackmailed & Humiliated series. This is the first of many c.mp4,67203df295c787876f6b6a52,No,(Coming_tomorrow_for_a_limited_time_is_Part_One_of_our_Diaper_Besties_Brutally_Blackmailed__Humiliated_series._This_is_the_first_of_many_c.mp4).png,37
Pull up check 🤭.mp4,670c140095c787876fb9485f,No,(Pull_up_check_.mp4).png,36
"Story Post You are babysitting me & I'm showing you all my toys, I really have to pee so I show you how I can magically turn the line blue.mp4",67746fe44f57e2ef26462123,No,(Story_Post_You_are_babysitting_me__Im_showing_you_all_my_toys_I_really_have_to_pee_so_I_show_you_how_I_can_magically_turn_the_line_blue.mp4).png,35
Messing around on my ukulele in my nursery 🤭🙈.mp4,6704805495c787876f045175,No,(Messing_around_on_my_ukulele_in_my_nursery_.mp4).png,34
See you naughty babies soon 🩷.mp4,670abe8b95c787876fc531af,No,See_you_naughty_babies_soon_.mp4).png,33
Peeing in my cute little panties all over my bed and playing with myself in my puddle 💦💦 #omarashi #pisskink #pee #ddlg.mp4,677f17c94f57e2ef2669217b,No,(Peeing_in_my_cute_little_panties_all_over_my_bed_and_playing_with_myself_in_my_puddle__omarashi_pisskink_pee_ddlg.mp4).png,32
I peed more than a little bit while I was running 😆 oops. It started happening and then I just kinda let it happen..mp4,670eb2be95c787876f2c6f7e,No,(I_peed_more_than_a_little_bit_while_I_was_running__oops._It_started_happening_and_then_I_just_kinda_let_it_happen..mp4).png,31
Sooooo I had an accident in the elevator on my way home .. peed all down my leg and had to rush to my apartment 🫣🫣 I really thought my dia.mp4,67044d9895c787876ffddc3d,No,(Sooooo_I_had_an_accident_in_the_elevator_on_my_way_home_.._peed_all_down_my_leg_and_had_to_rush_to_my_apartment__I_really_thought_my_dia.mp4).png,30
VLOG Just got out of the shower after making a big mess in my diaper 🤭 I really need a change! #diaperchange #messystorytime.mp4,678d6d5c4f57e2ef2654a48d,No,(VLOG_Just_got_out_of_the_shower_after_making_a_big_mess_in_my_diaper__I_really_need_a_change!_diaperchange_messystorytime.mp4).png,29
Sneaky public flashes on the ferry boat 🤭🤭 we almost got caught.mp4,66efaf2195c787876f1f0f7b,No,(Sneaky_public_flashes_on_the_ferry_boat__we_almost_got_caught.mp4).png,28
I’ll be live in 30 minutes 😈😈.mp4,66feffeb95c787876f8a5ff5,No,(Ill_be_live_in_30_minutes_.mp4).png,27
"VLOG Just got home from my walk, open wetting in my soggy diaper and putting on a pull up 🤭 #goodnites #pullup #pullups #soggydiaper #peei.mp4",6771a8c34f57e2ef26d02d97,No,(VLOG_Just_got_home_from_my_walk_open_wetting_in_my_soggy_diaper_and_putting_on_a_pull_up__goodnites_pullup_pullups_soggydiaper_peei.mp4).png,25
Baby time for little Sophie ✨.mp4,66c6870e95c787876f6437a1,No,(Baby_time_for_little_Sophie_.mp4).png,24
VLOG I woke up sooooo soggy 🤭🤭 #vlog #grwm.mp4,677feeec4f57e2ef26e026a4,No,(VLOG_I_woke_up_sooooo_soggy__vlog_grwm.mp4).png,23
"Getting to be in a diaper, by a pond on a lovely property for my birthday, soaking up the sunshine and feeling totally free ☀️.mp4",,No,(Getting_to_be_in_a_diaper_by_a_pond_on_a_lovely_property_for_my_birthday_soaking_up_the_sunshine_and_feeling_totally_free_.mp4).png,22
Morning diaper check and pee 💦.mp4,,No,(Morning_diaper_check_and_pee_.mp4).png,21
POV(Gender Neutral) Your girlfriend wakes up and you have wet the bed AGAIN. She read online that bed wetters can be helped by age regressio.mp4,,No,(POV(Gender_Neutral)_Your_girlfriend_wakes_up_and_you_have_wet_the_bed_AGAIN._She_read_online_that_bed_wetters_can_be_helped_by_age_regressio.mp4).png,20
Daddy made me wear a pull up to work today because I had an accident on the weekend… (17).mp4,,No,(Daddy_made_me_wear_a_pull_up_to_work_today_because_I_had_an_accident_on_the_weekend_(17).mp4).png,19
Daddy made me wear a pull up to work today because I had an accident on the weekend… (16).mp4,,No,(Daddy_made_me_wear_a_pull_up_to_work_today_because_I_had_an_accident_on_the_weekend_(16).mp4).png,18
Daddy made me wear a pull up to work today because I had an accident on the weekend… (15).mp4,,No,(Daddy_made_me_wear_a_pull_up_to_work_today_because_I_had_an_accident_on_the_weekend_(15).mp4).png,16
Daddy made me wear a pull up to work today because I had an accident on the weekend… (10).mp4,,No,(Daddy_made_me_wear_a_pull_up_to_work_today_because_I_had_an_accident_on_the_weekend_(10).mp4).png,15
Daddy made me wear a pull up to work today because I had an accident on the weekend… (14).mp4,,No,Daddy_made_me_wear_a_pull_up_to_work_today_because_(I_had_an_accident_on_the_weekend_(14).mp4).png,14
Daddy made me wear a pull up to work today because I had an accident on the weekend… (13).mp4,,No,(Daddy_made_me_wear_a_pull_up_to_work_today_because_I_had_an_accident_on_the_weekend_(13).mp4).png,13
Daddy made me wear a pull up to work today because I had an accident on the weekend… (11).mp4,,No,(Daddy_made_me_wear_a_pull_up_to_work_today_because_I_had_an_accident_on_the_weekend_(11).mp4).png,11
Daddy made me wear a pull up to work today because I had an accident on the weekend… (8).mp4,,No,(Daddy_made_me_wear_a_pull_up_to_work_today_because_I_had_an_accident_on_the_weekend_(8).mp4).png,10
Daddy made me wear a pull up to work today because I had an accident on the weekend… (7).mp4,,No,(Daddy_made_me_wear_a_pull_up_to_work_today_because_I_had_an_accident_on_the_weekend_(7).mp4).png,8
Daddy made me wear a pull up to work today because I had an accident on the weekend… (5).mp4,,No,(Daddy_made_me_wear_a_pull_up_to_work_today_because_I_had_an_accident_on_the_weekend_(5).mp4).png,7
Daddy made me wear a pull up to work today because I had an accident on the weekend… (1).mp4,,No,Daddy_made_me_wear_a_pull_up_to_work_today_because_(I_had_an_accident_on_the_weekend_(1).mp4).png,6
"Teddy bear strap on live stream! 🧸 Come see all the highlights from my live stream on July 9th Putting a strap-on, on my teddy bear and rid.mp4",668eff660e10234f0e4e10a0,Yes,(Teddy_bear_strap_on_live_stream!__Come_see_all_the_highlights_from_my_live_stream_on_July_9th_Putting_a_strap-on_on_my_teddy_bear_and_rid.mp4).png,73
Super naughty live stream highlights 🥳.mp4,66eb158895c787876fe075e0,Yes,(Super_naughty_live_stream_highlights_.mp4).png,55
1 year anniversary stream cake smash stream! 🥳.mp4,6753ad354f57e2ef262eeda0,Yes,(1_year_anniversary_stream_cake_smash_stream!_.mp4).png,50
"Sophie Little Aug 6, 2024, 1042 PM Report.mp4",6625aa9ab873869643db8371,Yes,(Sophie_Little_Aug_6_2024_1042_PM_Report.mp4).png,26
Daddy made me wear a pull up to work today because I had an accident on the weekend… (18).mp4,6625aa9ab873869643db8371,Yes,(Daddy_made_me_wear_a_pull_up_to_work_today_because_I_had_an_accident_on_the_weekend_(18).mp4).png,17
Daddy made me wear a pull up to work today because I had an accident on the weekend… (12).mp4,6625aa9ab873869643db8371,Yes,(Daddy_made_me_wear_a_pull_up_to_work_today_because_I_had_an_accident_on_the_weekend_(12).mp4).png,12
Daddy made me wear a pull up to work today because I had an accident on the weekend… (4).mp4,673908af4f57e2ef26ccee13,Yes,(Daddy_made_me_wear_a_pull_up_to_work_today_because_I_had_an_accident_on_the_weekend_(4).mp4).png,9
Daddy made me wear a pull up to work today because I had an accident on the weekend… (2).mp4,6705a35795c787876f7ffdfa,Yes,Daddy_made_me_wear_a_pull_up_to_work_today_because_(I_had_an_accident_on_the_weekend..._(2).mp4).png,5
Daddy made me wear a pull up to work today because I had an accident on the weekend… (3).mp4,673a5bc64f57e2ef26025446,Yes,Daddy_made_me_wear_a_pull_up_to_work_today_because_(I_had_an_accident_on_the_weekend_(3).mp4).png,4
Daddy made me wear a pull up to work today because I had an accident on the weekend… (9).mp4,6631a9a3b873869643b84225,Yes,Daddy_made_me_wear_a_pull_up_to_work_today_because_(I_had_an_accident_on_the_weekend_(9).mp4).png,1
,,,,77